Timestamp,Do you want to sign up as a mentors?,Do you agree to us using the information you provide to us in this way?,Your first name,Your last name,Your Civil Service email address,Your job title or role,Your department or agency,Your grade,Your profession
2021-09-03 22:30:16.455539,yes,yes,mentors,000,Dl2bV7wO9G94yr0D,8SgMwY3Dv9mKAvu3,FCDO,AA,Operational Delivery
2021-09-03 22:30:16.455581,yes,yes,mentors,001,cZAhQeVKxmQsvJpW,gqT1SIgexLL4zpQo,Home Office,SCS3,Operational Delivery
2021-09-03 22:30:16.455596,yes,yes,mentors,002,9ri4T9pSkb1AUfjE,epIW66F3UoSR6fEA,DWP,SCS4,Policy
2021-09-03 22:30:16.455616,yes,yes,mentors,003,WhEHXK1LYI5WPnVR,na0GOOcvMv3ZW0fF,HMRC,AA,Digital
2021-09-03 22:30:16.455624,yes,yes,mentors,004,AmGZjbaJywKvNHAG,rPfiqYubGQj8SNAh,HMRC,Grade 6,Policy
2021-09-03 22:30:16.455631,yes,yes,mentors,005,uYb1VXJHUcDdQi05,wNFMN8icXh3WW1LR,FCDO,SCS2,Operational Delivery
2021-09-03 22:30:16.455639,yes,yes,mentors,006,nAU5j5Krmshy1zUz,ZCv4cDnU51zq6z5I,FCDO,SCS4,Operational Delivery
2021-09-03 22:30:16.455648,yes,yes,mentors,007,PoKQG6t4IsZ9xjcy,z39cElS17sgwnJZ7,HMRC,SEO,Digital
2021-09-03 22:30:16.455655,yes,yes,mentors,008,P1ZiQA0WYzKRkWse,3oK5WLmvX6qpu1Vq,FCDO,SCS3,Digital
2021-09-03 22:30:16.455663,yes,yes,mentors,009,QxYblu9KqFlJcFue,8ZAo1e5A4g17DqWW,FCDO,SEO,Operational Delivery
2021-09-03 22:30:16.455670,yes,yes,mentors,010,HmN0dbgxP9hKs1HO,waRXGX32OayR001Z,DWP,SCS2,Policy
2021-09-03 22:30:16.455677,yes,yes,mentors,011,bqI5ecvUHAWbB23q,jguQaQAmfDqFpOM3,FCDO,EO,Digital
2021-09-03 22:30:16.455687,yes,yes,mentors,012,4rcMdXxoUIHkexwX,hyx7goOJ5mIBEDEk,Cabinet Office,Grade 6,Operational Delivery
2021-09-03 22:30:16.455694,yes,yes,mentors,013,pGckoFqJVz2sZVMv,bM98m11MG1DwN7B8,Cabinet Office,Grade 7,Operational Delivery
2021-09-03 22:30:16.455702,yes,yes,mentors,014,tDCXGdZmFVdIGN2k,yqTe7QUgLzY7fh12,DWP,SCS4,Policy
2021-09-03 22:30:16.455709,yes,yes,mentors,015,OBKVNv2mQWiQ7m7o,cBjzI4hRAxCjArqu,FCDO,HEO,Policy
2021-09-03 22:30:16.455716,yes,yes,mentors,016,4RijmYBrZqStbqPj,a8N1AZE3H39iVvhl,Cabinet Office,SEO,Digital
2021-09-03 22:30:16.455723,yes,yes,mentors,017,BWG15FPDmKS8IFAx,VxAIEZSlTi6MjdUc,Home Office,Grade 7,Digital
2021-09-03 22:30:16.455731,yes,yes,mentors,018,bUTrWNtkYiGBUPi9,10igNzl4mPv72Nrk,FCDO,Grade 7,Digital
2021-09-03 22:30:16.455738,yes,yes,mentors,019,W3rN8cGMjTCxzxBp,iBau571aArYFwHql,Home Office,Grade 6,Policy
2021-09-03 22:30:16.455746,yes,yes,mentors,020,phNo4anLLzGxBoG2,k92CNyBmMkMg8ugP,DWP,HEO,Operational Delivery
2021-09-03 22:30:16.455754,yes,yes,mentors,021,cYWoNI6vLSGR4DEf,aN9aOOO5HKZAAjFK,DWP,SEO,Digital
2021-09-03 22:30:16.455761,yes,yes,mentors,022,AeKHTFA31Q8CL6Lw,cpISSHnYuqcLfbk8,Cabinet Office,SEO,Operational Delivery
2021-09-03 22:30:16.455769,yes,yes,mentors,023,s6l7jXr7IDkPhpHU,2ZkhD9W8lbNvWthN,DWP,EO,Digital
2021-09-03 22:30:16.455778,yes,yes,mentors,024,1wFAd2OynxAT3kIh,DUlKo2CtRGWMSiVO,Home Office,AO,Policy
2021-09-03 22:30:16.455785,yes,yes,mentors,025,7HYqzT9YJCcIq5M0,UXYYg1qGeeegBUQp,Home Office,HEO,Digital
2021-09-03 22:30:16.455793,yes,yes,mentors,026,w29TE9ElC3VjX48n,5V9V1Q3kPtcvRaq2,Home Office,SCS4,Operational Delivery
2021-09-03 22:30:16.455800,yes,yes,mentors,027,JstW5nWUwuUqcKQB,c9UPjKm9OlMJwM4G,DWP,SCS4,Digital
2021-09-03 22:30:16.455807,yes,yes,mentors,028,8CIUAoku6SxeiV5x,LCiGIta0ZgbD4JHX,HMRC,EO,Digital
2021-09-03 22:30:16.455814,yes,yes,mentors,029,fBafgME7nhJ515Xj,XNorUMUSVwNBHlSq,DWP,SCS1,Digital
2021-09-03 22:30:16.455822,yes,yes,mentors,030,oOxV9lbdwGcr6AWl,DgIQJuZ5j2OGn6Ni,Home Office,SCS1,Digital
2021-09-03 22:30:16.455829,yes,yes,mentors,031,VMjyFhD9hDYTTxOC,hPIW6wbpFX2xgkWV,DWP,Grade 7,Operational Delivery
2021-09-03 22:30:16.455839,yes,yes,mentors,032,JwxUMPz80dmeQKdv,mcJy09aCsQA1lopZ,Cabinet Office,SCS3,Digital
2021-09-03 22:30:16.455846,yes,yes,mentors,033,7CWZpiU0aLtmXGjE,Tl40CIAOEsn9uuTK,Home Office,EO,Policy
2021-09-03 22:30:16.455853,yes,yes,mentors,034,tPGtGgnYOoQ7MCff,5edeGc8Rue11YvDu,DWP,EO,Digital
2021-09-03 22:30:16.455860,yes,yes,mentors,035,RPt6nVnKQEZUQe76,BCismIWv3jQR1riL,Cabinet Office,SCS2,Policy
2021-09-03 22:30:16.455867,yes,yes,mentors,036,G2s2nwrvQATLcTTP,4Cbs1yO5iNqPPs5p,Cabinet Office,SEO,Policy
2021-09-03 22:30:16.455874,yes,yes,mentors,037,GS4mAb1PLw1rQbo1,4qdXGi4Rar8AnNJa,FCDO,SCS4,Digital
2021-09-03 22:30:16.455881,yes,yes,mentors,038,90RMDYnYffDOvfPK,jSaT0HYzCRsQE7jq,Cabinet Office,SCS2,Operational Delivery
2021-09-03 22:30:16.455890,yes,yes,mentors,039,ZT6A1jfZ2dxBZB0f,rJkl6JOXEdmYUi2x,HMRC,SEO,Digital
2021-09-03 22:30:16.455898,yes,yes,mentors,040,01uaO4mA8hcaI3j7,rR4TSj3m7EakNHEj,HMRC,Grade 7,Policy
2021-09-03 22:30:16.455909,yes,yes,mentors,041,rB14XnbGCnehx8mb,z4ELSOclM0RPIRgf,Home Office,EO,Policy
2021-09-03 22:30:16.455920,yes,yes,mentors,042,qdfEtvY7bG5DWqds,BK6faAarNZBrLWeB,Cabinet Office,HEO,Policy
2021-09-03 22:30:16.455931,yes,yes,mentors,043,UJVlANErlXIK3j9r,ujuKLYaptaTO34Pv,DWP,Grade 6,Digital
2021-09-03 22:30:16.455943,yes,yes,mentors,044,0Fj9Wt0wMpW0KWhb,hDc710WzvrkbfKYr,Home Office,AA,Operational Delivery
2021-09-03 22:30:16.455955,yes,yes,mentors,045,oA0p3QZ8giFQYEnF,C7PdOH6PwKgEaiLe,DWP,Grade 6,Digital
2021-09-03 22:30:16.455966,yes,yes,mentors,046,xM8MwP1yQDogdmj7,fizrRlNxDn8mMVo8,FCDO,SCS1,Operational Delivery
2021-09-03 22:30:16.455989,yes,yes,mentors,047,vmoTlYU7FZSqhTrw,lti73u1zuuCz4jQT,Cabinet Office,SEO,Digital
2021-09-03 22:30:16.455996,yes,yes,mentors,048,65WE1yBsqIfFdxst,XyXy45O9GkRNASUQ,HMRC,SCS3,Policy
2021-09-03 22:30:16.456006,yes,yes,mentors,049,AmjXSffo5P6YK9xz,IlK3v0FxAHJszxJi,Home Office,EO,Policy
