first name,last name,email address,both mentor and mentee,job title,grade,organisation,biography,profession,match with similar identity,identity to match
mentee,00,mentee.00@gov.uk,no,Some role,AA,Department of Joy,Test biography,Security,no,Lesbian
mentee,01,mentee.01@gov.uk,no,Some role,SCS1,Department of Love,Test biography,HR,yes,Transgender
mentee,02,mentee.02@gov.uk,yes,Some role,AO,Department of Love,Test biography,Security,yes,Transgender
mentee,03,mentee.03@gov.uk,yes,Some role,EO,Department of Peace,Test biography,Operations,yes,
mentee,04,mentee.04@gov.uk,yes,Some role,HEO,Department of Love,Test biography,Policy,no,Bisexual or pansexual
mentee,05,mentee.05@gov.uk,no,Some role,Grade 7,Department of Peace,Test biography,Security,yes,Transgender
mentee,06,mentee.06@gov.uk,no,Some role,SCS1,Department of Truth,Test biography,Security,no,Gay
mentee,07,mentee.07@gov.uk,no,Some role,EO,Department of Fun,Test biography,DDaT,no,Bisexual or pansexual
mentee,08,mentee.08@gov.uk,yes,Some role,AO,Department of Peace,Test biography,Policy,yes,
mentee,09,mentee.09@gov.uk,no,Some role,AO,Department of Peace,Test biography,Operations,yes,Non-binary
mentee,10,mentee.10@gov.uk,no,Some role,SCS2,Department of Fun,Test biography,Operations,yes,
mentee,11,mentee.11@gov.uk,no,Some role,SCS2,Department of Fun,Test biography,HR,yes,Gay
mentee,12,mentee.12@gov.uk,no,Some role,Grade 7,Department of Peace,Test biography,Security,no,Transgender
mentee,13,mentee.13@gov.uk,no,Some role,Grade 7,Department of Virtue,Test biography,DDaT,yes,Lesbian
mentee,14,mentee.14@gov.uk,no,Some role,SCS2,Department of Peace,Test biography,Policy,no,
mentee,15,mentee.15@gov.uk,yes,Some role,Grade 6,Department of Peace,Test biography,Operations,no,Asexual or aromantic
mentee,16,mentee.16@gov.uk,no,Some role,SEO,Department of Truth,Test biography,Policy,no,Lesbian
mentee,17,mentee.17@gov.uk,no,Some role,AA,Department of Joy,Test biography,Security,yes,Bisexual or pansexual
mentee,18,mentee.18@gov.uk,no,Some role,Grade 7,Department of Truth,Test biography,Operations,yes,Asexual or aromantic
mentee,19,mentee.19@gov.uk,yes,Some role,HEO,Department of Love,Test biography,DDaT,yes,Non-binary
mentee,20,mentee.20@gov.uk,no,Some role,SCS1,Department of Truth,Test biography,Security,yes,Asexual or aromantic
mentee,21,mentee.21@gov.uk,no,Some role,AA,Department of Fun,Test biography,DDaT,no,Asexual or aromantic
mentee,22,mentee.22@gov.uk,yes,Some role,SCS1,Department of Love,Test biography,HR,no,Transgender
mentee,23,mentee.23@gov.uk,no,Some role,SCS2,Department of Peace,Test biography,DDaT,no,Gay
mentee,24,mentee.24@gov.uk,no,Some role,Grade 6,Department of Peace,Test biography,Operations,no,
mentee,25,mentee.25@gov.uk,no,Some role,SEO,Department of Fun,Test biography,DDaT,no,Lesbian
mentee,26,mentee.26@gov.uk,no,Some role,SCS1,Department of Peace,Test biography,HR,yes,Transgender
mentee,27,mentee.27@gov.uk,no,Some role,HEO,Department of Virtue,Test biography,Operations,yes,Transgender
mentee,28,mentee.28@gov.uk,yes,Some role,AA,Department of Virtue,Test biography,Policy,yes,Transgender
mentee,29,mentee.29@gov.uk,no,Some role,Grade 7,Department of Peace,Test biography,Security,no,Gay
mentee,30,mentee.30@gov.uk,no,Some role,AO,Department of Joy,Test biography,Operations,no,Gay
mentee,31,mentee.31@gov.uk,no,Some role,AO,Department of Truth,Test biography,HR,yes,Transgender
mentee,32,mentee.32@gov.uk,no,Some role,SCS1,Department of Peace,Test biography,DDaT,no,Transgender
mentee,33,mentee.33@gov.uk,no,Some role,EO,Department of Virtue,Test biography,DDaT,no,Transgender
mentee,34,mentee.34@gov.uk,no,Some role,EO,Department of Joy,Test biography,Policy,yes,
mentee,35,mentee.35@gov.uk,yes,Some role,SEO,Department of Peace,Test biography,Security,no,Bisexual or pansexual
mentee,36,mentee.36@gov.uk,no,Some role,Grade 7,Department of Peace,Test biography,Policy,no,Asexual or aromantic
mentee,37,mentee.37@gov.uk,no,Some role,AA,Department of Peace,Test biography,Policy,no,Asexual or aromantic
mentee,38,mentee.38@gov.uk,yes,Some role,SCS1,Department of Joy,Test biography,HR,yes,Transgender
mentee,39,mentee.39@gov.uk,yes,Some role,Grade 7,Department of Peace,Test biography,HR,yes,Asexual or aromantic
mentee,40,mentee.40@gov.uk,no,Some role,AA,Department of Joy,Test biography,HR,no,Non-binary
mentee,41,mentee.41@gov.uk,no,Some role,SCS1,Department of Love,Test biography,Operations,no,Gay
mentee,42,mentee.42@gov.uk,yes,Some role,Grade 6,Department of Truth,Test biography,Security,yes,Transgender
mentee,43,mentee.43@gov.uk,no,Some role,AA,Department of Fun,Test biography,Security,no,Non-binary
mentee,44,mentee.44@gov.uk,no,Some role,Grade 6,Department of Fun,Test biography,Operations,no,Asexual or aromantic
mentee,45,mentee.45@gov.uk,yes,Some role,AO,Department of Virtue,Test biography,Operations,yes,Gay
mentee,46,mentee.46@gov.uk,yes,Some role,AA,Department of Peace,Test biography,Security,no,Bisexual or pansexual
mentee,47,mentee.47@gov.uk,no,Some role,HEO,Department of Peace,Test biography,Security,no,Transgender
mentee,48,mentee.48@gov.uk,yes,Some role,AO,Department of Truth,Test biography,Security,yes,Asexual or aromantic
mentee,49,mentee.49@gov.uk,yes,Some role,AO,Department of Virtue,Test biography,Security,no,Non-binary
